Start Day,Start Month,Year,End Month,End Day,Start Date (Temp),End Date (Temp),Start Date (String),End Date (String),INTDSRCNM193N
1,3,1990,3,31,1/3/1990,31/3/1990,1/3/1990,30/3/1990,9
1,4,1990,4,30,1/4/1990,30/4/1990,2/4/1990,30/4/1990,9
1,5,1990,5,31,1/5/1990,31/5/1990,1/5/1990,31/5/1990,9
1,6,1990,6,30,1/6/1990,30/6/1990,1/6/1990,29/6/1990,9
1,7,1990,7,31,1/7/1990,31/7/1990,2/7/1990,31/7/1990,9
1,8,1990,8,31,1/8/1990,31/8/1990,1/8/1990,31/8/1990,7.92
1,9,1990,9,30,1/9/1990,30/9/1990,3/9/1990,28/9/1990,7.92
1,10,1990,10,31,1/10/1990,31/10/1990,1/10/1990,31/10/1990,7.92
1,11,1990,11,30,1/11/1990,30/11/1990,1/11/1990,30/11/1990,7.92
1,12,1990,12,31,1/12/1990,31/12/1990,3/12/1990,31/12/1990,7.92
1,1,1991,1,31,1/1/1991,31/1/1991,1/1/1991,31/1/1991,7.92
1,2,1991,2,28,1/2/1991,28/2/1991,1/2/1991,28/2/1991,7.92
1,3,1991,3,31,1/3/1991,31/3/1991,1/3/1991,29/3/1991,7.92
1,4,1991,4,30,1/4/1991,30/4/1991,1/4/1991,30/4/1991,7.2
1,5,1991,5,31,1/5/1991,31/5/1991,1/5/1991,31/5/1991,7.2
1,6,1991,6,30,1/6/1991,30/6/1991,3/6/1991,28/6/1991,7.2
1,7,1991,7,31,1/7/1991,31/7/1991,1/7/1991,31/7/1991,7.2
1,8,1991,8,31,1/8/1991,31/8/1991,1/8/1991,30/8/1991,7.2
1,9,1991,9,30,1/9/1991,30/9/1991,2/9/1991,30/9/1991,7.2
1,10,1991,10,31,1/10/1991,31/10/1991,1/10/1991,31/10/1991,7.2
1,11,1991,11,30,1/11/1991,30/11/1991,1/11/1991,29/11/1991,7.2
1,12,1991,12,31,1/12/1991,31/12/1991,2/12/1991,31/12/1991,7.2
1,1,1992,1,31,1/1/1992,31/1/1992,1/1/1992,31/1/1992,7.2
1,2,1992,2,29,1/2/1992,29/2/1992,3/2/1992,28/2/1992,7.2
1,3,1992,3,31,1/3/1992,31/3/1992,2/3/1992,31/3/1992,7.2
1,4,1992,4,30,1/4/1992,30/4/1992,1/4/1992,30/4/1992,7.2
1,5,1992,5,31,1/5/1992,31/5/1992,1/5/1992,29/5/1992,7.2
1,6,1992,6,30,1/6/1992,30/6/1992,1/6/1992,30/6/1992,7.2
1,7,1992,7,31,1/7/1992,31/7/1992,1/7/1992,31/7/1992,7.2
1,8,1992,8,31,1/8/1992,31/8/1992,3/8/1992,31/8/1992,7.2
1,9,1992,9,30,1/9/1992,30/9/1992,1/9/1992,30/9/1992,7.2
1,10,1992,10,31,1/10/1992,31/10/1992,1/10/1992,30/10/1992,7.2
1,11,1992,11,30,1/11/1992,30/11/1992,2/11/1992,30/11/1992,7.2
1,12,1992,12,31,1/12/1992,31/12/1992,1/12/1992,31/12/1992,7.2
1,1,1993,1,31,1/1/1993,31/1/1993,1/1/1993,29/1/1993,7.2
1,2,1993,2,28,1/2/1993,28/2/1993,1/2/1993,26/2/1993,7.2
1,3,1993,3,31,1/3/1993,31/3/1993,1/3/1993,31/3/1993,7.2
1,4,1993,4,30,1/4/1993,30/4/1993,1/4/1993,30/4/1993,7.2
1,5,1993,5,31,1/5/1993,31/5/1993,3/5/1993,31/5/1993,8.46
1,6,1993,6,30,1/6/1993,30/6/1993,1/6/1993,30/6/1993,8.46
1,7,1993,7,31,1/7/1993,31/7/1993,1/7/1993,30/7/1993,10.08
1,8,1993,8,31,1/8/1993,31/8/1993,2/8/1993,31/8/1993,10.08
1,9,1993,9,30,1/9/1993,30/9/1993,1/9/1993,30/9/1993,10.08
1,10,1993,10,31,1/10/1993,31/10/1993,1/10/1993,29/10/1993,10.08
1,11,1993,11,30,1/11/1993,30/11/1993,1/11/1993,30/11/1993,10.08
1,12,1993,12,31,1/12/1993,31/12/1993,1/12/1993,31/12/1993,10.08
1,1,1994,1,31,1/1/1994,31/1/1994,3/1/1994,31/1/1994,10.08
1,2,1994,2,28,1/2/1994,28/2/1994,1/2/1994,28/2/1994,10.08
1,3,1994,3,31,1/3/1994,31/3/1994,1/3/1994,31/3/1994,10.08
1,4,1994,4,30,1/4/1994,30/4/1994,1/4/1994,29/4/1994,10.08
1,5,1994,5,31,1/5/1994,31/5/1994,2/5/1994,31/5/1994,10.08
1,6,1994,6,30,1/6/1994,30/6/1994,1/6/1994,30/6/1994,10.08
1,7,1994,7,31,1/7/1994,31/7/1994,1/7/1994,29/7/1994,10.08
1,8,1994,8,31,1/8/1994,31/8/1994,1/8/1994,31/8/1994,10.08
1,9,1994,9,30,1/9/1994,30/9/1994,1/9/1994,30/9/1994,10.08
1,10,1994,10,31,1/10/1994,31/10/1994,3/10/1994,31/10/1994,10.08
1,11,1994,11,30,1/11/1994,30/11/1994,1/11/1994,30/11/1994,10.08
1,12,1994,12,31,1/12/1994,31/12/1994,1/12/1994,30/12/1994,10.08
1,1,1995,1,31,1/1/1995,31/1/1995,2/1/1995,31/1/1995,10.26
1,2,1995,2,28,1/2/1995,28/2/1995,1/2/1995,28/2/1995,10.26
1,3,1995,3,31,1/3/1995,31/3/1995,1/3/1995,31/3/1995,10.26
1,4,1995,4,30,1/4/1995,30/4/1995,3/4/1995,28/4/1995,10.26
1,5,1995,5,31,1/5/1995,31/5/1995,1/5/1995,31/5/1995,10.26
1,6,1995,6,30,1/6/1995,30/6/1995,1/6/1995,30/6/1995,10.26
1,7,1995,7,31,1/7/1995,31/7/1995,3/7/1995,31/7/1995,10.44
1,8,1995,8,31,1/8/1995,31/8/1995,1/8/1995,31/8/1995,10.44
1,9,1995,9,30,1/9/1995,30/9/1995,1/9/1995,29/9/1995,10.44
1,10,1995,10,31,1/10/1995,31/10/1995,2/10/1995,31/10/1995,10.44
1,11,1995,11,30,1/11/1995,30/11/1995,1/11/1995,30/11/1995,10.44
1,12,1995,12,31,1/12/1995,31/12/1995,1/12/1995,29/12/1995,10.44
1,1,1996,1,31,1/1/1996,31/1/1996,1/1/1996,31/1/1996,10.44
1,2,1996,2,29,1/2/1996,29/2/1996,1/2/1996,29/2/1996,10.44
1,3,1996,3,31,1/3/1996,31/3/1996,1/3/1996,29/3/1996,10.44
1,4,1996,4,30,1/4/1996,30/4/1996,1/4/1996,30/4/1996,10.44
1,5,1996,5,31,1/5/1996,31/5/1996,1/5/1996,31/5/1996,9
1,6,1996,6,30,1/6/1996,30/6/1996,3/6/1996,28/6/1996,9
1,7,1996,7,31,1/7/1996,31/7/1996,1/7/1996,31/7/1996,9
1,8,1996,8,31,1/8/1996,31/8/1996,1/8/1996,30/8/1996,9
1,9,1996,9,30,1/9/1996,30/9/1996,2/9/1996,30/9/1996,9
1,10,1996,10,31,1/10/1996,31/10/1996,1/10/1996,31/10/1996,9
1,11,1996,11,30,1/11/1996,30/11/1996,1/11/1996,29/11/1996,9
1,12,1996,12,31,1/12/1996,31/12/1996,2/12/1996,31/12/1996,9
1,1,1997,1,31,1/1/1997,31/1/1997,1/1/1997,31/1/1997,9
1,2,1997,2,28,1/2/1997,28/2/1997,3/2/1997,28/2/1997,9
1,3,1997,3,31,1/3/1997,31/3/1997,3/3/1997,31/3/1997,9
1,4,1997,4,30,1/4/1997,30/4/1997,1/4/1997,30/4/1997,9
1,5,1997,5,31,1/5/1997,31/5/1997,1/5/1997,30/5/1997,9
1,6,1997,6,30,1/6/1997,30/6/1997,2/6/1997,30/6/1997,9
1,7,1997,7,31,1/7/1997,31/7/1997,1/7/1997,31/7/1997,9
1,8,1997,8,31,1/8/1997,31/8/1997,1/8/1997,29/8/1997,9
1,9,1997,9,30,1/9/1997,30/9/1997,1/9/1997,30/9/1997,9
1,10,1997,10,31,1/10/1997,31/10/1997,1/10/1997,31/10/1997,8.55
1,11,1997,11,30,1/11/1997,30/11/1997,3/11/1997,28/11/1997,8.55
1,12,1997,12,31,1/12/1997,31/12/1997,1/12/1997,31/12/1997,8.55
1,1,1998,1,31,1/1/1998,31/1/1998,1/1/1998,30/1/1998,8.55
1,2,1998,2,28,1/2/1998,28/2/1998,2/2/1998,27/2/1998,8.55
1,3,1998,3,31,1/3/1998,31/3/1998,2/3/1998,31/3/1998,6.39
1,4,1998,4,30,1/4/1998,30/4/1998,1/4/1998,30/4/1998,6.39
1,5,1998,5,31,1/5/1998,31/5/1998,1/5/1998,29/5/1998,6.39
1,6,1998,6,30,1/6/1998,30/6/1998,1/6/1998,30/6/1998,6.39
1,7,1998,7,31,1/7/1998,31/7/1998,1/7/1998,31/7/1998,5.22
1,8,1998,8,31,1/8/1998,31/8/1998,3/8/1998,31/8/1998,5.22
1,9,1998,9,30,1/9/1998,30/9/1998,1/9/1998,30/9/1998,5.22
1,10,1998,10,31,1/10/1998,31/10/1998,1/10/1998,30/10/1998,5.22
1,11,1998,11,30,1/11/1998,30/11/1998,2/11/1998,30/11/1998,5.22
1,12,1998,12,31,1/12/1998,31/12/1998,1/12/1998,31/12/1998,4.59
1,1,1999,1,31,1/1/1999,31/1/1999,1/1/1999,29/1/1999,4.59
1,2,1999,2,28,1/2/1999,28/2/1999,1/2/1999,26/2/1999,4.59
1,3,1999,3,31,1/3/1999,31/3/1999,1/3/1999,31/3/1999,4.59
1,4,1999,4,30,1/4/1999,30/4/1999,1/4/1999,30/4/1999,4.59
1,5,1999,5,31,1/5/1999,31/5/1999,3/5/1999,31/5/1999,4.59
1,6,1999,6,30,1/6/1999,30/6/1999,1/6/1999,30/6/1999,3.24
1,7,1999,7,31,1/7/1999,31/7/1999,1/7/1999,30/7/1999,3.24
1,8,1999,8,31,1/8/1999,31/8/1999,2/8/1999,31/8/1999,3.24
1,9,1999,9,30,1/9/1999,30/9/1999,1/9/1999,30/9/1999,3.24
1,10,1999,10,31,1/10/1999,31/10/1999,1/10/1999,29/10/1999,3.24
1,11,1999,11,30,1/11/1999,30/11/1999,1/11/1999,30/11/1999,3.24
1,12,1999,12,31,1/12/1999,31/12/1999,1/12/1999,31/12/1999,3.24
1,1,2000,1,31,1/1/2000,31/1/2000,3/1/2000,31/1/2000,3.24
1,2,2000,2,29,1/2/2000,29/2/2000,1/2/2000,29/2/2000,3.24
1,3,2000,3,31,1/3/2000,31/3/2000,1/3/2000,31/3/2000,3.24
1,4,2000,4,30,1/4/2000,30/4/2000,3/4/2000,28/4/2000,3.24
1,5,2000,5,31,1/5/2000,31/5/2000,1/5/2000,31/5/2000,3.24
1,6,2000,6,30,1/6/2000,30/6/2000,1/6/2000,30/6/2000,3.24
1,7,2000,7,31,1/7/2000,31/7/2000,3/7/2000,31/7/2000,3.24
1,8,2000,8,31,1/8/2000,31/8/2000,1/8/2000,31/8/2000,3.24
1,9,2000,9,30,1/9/2000,30/9/2000,1/9/2000,29/9/2000,3.24
1,10,2000,10,31,1/10/2000,31/10/2000,2/10/2000,31/10/2000,3.24
1,11,2000,11,30,1/11/2000,30/11/2000,1/11/2000,30/11/2000,3.24
1,12,2000,12,31,1/12/2000,31/12/2000,1/12/2000,29/12/2000,3.24
1,1,2001,1,31,1/1/2001,31/1/2001,1/1/2001,31/1/2001,3.24
1,2,2001,2,28,1/2/2001,28/2/2001,1/2/2001,28/2/2001,3.24
1,3,2001,3,31,1/3/2001,31/3/2001,1/3/2001,30/3/2001,3.24
1,4,2001,4,30,1/4/2001,30/4/2001,2/4/2001,30/4/2001,3.24
1,5,2001,5,31,1/5/2001,31/5/2001,1/5/2001,31/5/2001,3.24
1,6,2001,6,30,1/6/2001,30/6/2001,1/6/2001,29/6/2001,3.24
1,7,2001,7,31,1/7/2001,31/7/2001,2/7/2001,31/7/2001,3.24
1,8,2001,8,31,1/8/2001,31/8/2001,1/8/2001,31/8/2001,3.24
1,9,2001,9,30,1/9/2001,30/9/2001,3/9/2001,28/9/2001,3.24
1,10,2001,10,31,1/10/2001,31/10/2001,1/10/2001,31/10/2001,3.24
1,11,2001,11,30,1/11/2001,30/11/2001,1/11/2001,30/11/2001,3.24
1,12,2001,12,31,1/12/2001,31/12/2001,3/12/2001,31/12/2001,3.24
1,1,2002,1,31,1/1/2002,31/1/2002,1/1/2002,31/1/2002,3.24
1,2,2002,2,28,1/2/2002,28/2/2002,1/2/2002,28/2/2002,2.7
1,3,2002,3,31,1/3/2002,31/3/2002,1/3/2002,29/3/2002,2.7
1,4,2002,4,30,1/4/2002,30/4/2002,1/4/2002,30/4/2002,2.7
1,5,2002,5,31,1/5/2002,31/5/2002,1/5/2002,31/5/2002,2.7
1,6,2002,6,30,1/6/2002,30/6/2002,3/6/2002,28/6/2002,2.7
1,7,2002,7,31,1/7/2002,31/7/2002,1/7/2002,31/7/2002,2.7
1,8,2002,8,31,1/8/2002,31/8/2002,1/8/2002,30/8/2002,2.7
1,9,2002,9,30,1/9/2002,30/9/2002,2/9/2002,30/9/2002,2.7
1,10,2002,10,31,1/10/2002,31/10/2002,1/10/2002,31/10/2002,2.7
1,11,2002,11,30,1/11/2002,30/11/2002,1/11/2002,29/11/2002,2.7
1,12,2002,12,31,1/12/2002,31/12/2002,2/12/2002,31/12/2002,2.7
1,1,2003,1,31,1/1/2003,31/1/2003,1/1/2003,31/1/2003,2.7
1,2,2003,2,28,1/2/2003,28/2/2003,3/2/2003,28/2/2003,2.7
1,3,2003,3,31,1/3/2003,31/3/2003,3/3/2003,31/3/2003,2.7
1,4,2003,4,30,1/4/2003,30/4/2003,1/4/2003,30/4/2003,2.7
1,5,2003,5,31,1/5/2003,31/5/2003,1/5/2003,30/5/2003,2.7
1,6,2003,6,30,1/6/2003,30/6/2003,2/6/2003,30/6/2003,2.7
1,7,2003,7,31,1/7/2003,31/7/2003,1/7/2003,31/7/2003,2.7
1,8,2003,8,31,1/8/2003,31/8/2003,1/8/2003,29/8/2003,2.7
1,9,2003,9,30,1/9/2003,30/9/2003,1/9/2003,30/9/2003,2.7
1,10,2003,10,31,1/10/2003,31/10/2003,1/10/2003,31/10/2003,2.7
1,11,2003,11,30,1/11/2003,30/11/2003,3/11/2003,28/11/2003,2.7
1,12,2003,12,31,1/12/2003,31/12/2003,1/12/2003,31/12/2003,2.7
1,1,2004,1,31,1/1/2004,31/1/2004,1/1/2004,30/1/2004,2.7
1,2,2004,2,29,1/2/2004,29/2/2004,2/2/2004,27/2/2004,2.7
1,3,2004,3,31,1/3/2004,31/3/2004,1/3/2004,31/3/2004,2.7
1,4,2004,4,30,1/4/2004,30/4/2004,1/4/2004,30/4/2004,2.7
1,5,2004,5,31,1/5/2004,31/5/2004,3/5/2004,31/5/2004,2.7
1,6,2004,6,30,1/6/2004,30/6/2004,1/6/2004,30/6/2004,2.7
1,7,2004,7,31,1/7/2004,31/7/2004,1/7/2004,30/7/2004,2.7
1,8,2004,8,31,1/8/2004,31/8/2004,2/8/2004,31/8/2004,2.7
1,9,2004,9,30,1/9/2004,30/9/2004,1/9/2004,30/9/2004,2.7
1,10,2004,10,31,1/10/2004,31/10/2004,1/10/2004,29/10/2004,3.33
1,11,2004,11,30,1/11/2004,30/11/2004,1/11/2004,30/11/2004,3.33
1,12,2004,12,31,1/12/2004,31/12/2004,1/12/2004,31/12/2004,3.33
1,1,2005,1,31,1/1/2005,31/1/2005,3/1/2005,31/1/2005,3.33
1,2,2005,2,28,1/2/2005,28/2/2005,1/2/2005,28/2/2005,3.33
1,3,2005,3,31,1/3/2005,31/3/2005,1/3/2005,31/3/2005,3.33
1,4,2005,4,30,1/4/2005,30/4/2005,1/4/2005,29/4/2005,3.33
1,5,2005,5,31,1/5/2005,31/5/2005,2/5/2005,31/5/2005,3.33
1,6,2005,6,30,1/6/2005,30/6/2005,1/6/2005,30/6/2005,3.33
1,7,2005,7,31,1/7/2005,31/7/2005,1/7/2005,29/7/2005,3.33
1,8,2005,8,31,1/8/2005,31/8/2005,1/8/2005,31/8/2005,3.33
1,9,2005,9,30,1/9/2005,30/9/2005,1/9/2005,30/9/2005,3.33
1,10,2005,10,31,1/10/2005,31/10/2005,3/10/2005,31/10/2005,3.33
1,11,2005,11,30,1/11/2005,30/11/2005,1/11/2005,30/11/2005,3.33
1,12,2005,12,31,1/12/2005,31/12/2005,1/12/2005,30/12/2005,3.33
1,1,2006,1,31,1/1/2006,31/1/2006,2/1/2006,31/1/2006,3.33
1,2,2006,2,28,1/2/2006,28/2/2006,1/2/2006,28/2/2006,3.33
1,3,2006,3,31,1/3/2006,31/3/2006,1/3/2006,31/3/2006,3.33
1,4,2006,4,30,1/4/2006,30/4/2006,3/4/2006,28/4/2006,3.33
1,5,2006,5,31,1/5/2006,31/5/2006,1/5/2006,31/5/2006,3.33
1,6,2006,6,30,1/6/2006,30/6/2006,1/6/2006,30/6/2006,3.33
1,7,2006,7,31,1/7/2006,31/7/2006,3/7/2006,31/7/2006,3.33
1,8,2006,8,31,1/8/2006,31/8/2006,1/8/2006,31/8/2006,3.33
1,9,2006,9,30,1/9/2006,30/9/2006,1/9/2006,29/9/2006,3.33
1,10,2006,10,31,1/10/2006,31/10/2006,2/10/2006,31/10/2006,3.33
1,11,2006,11,30,1/11/2006,30/11/2006,1/11/2006,30/11/2006,3.33
1,12,2006,12,31,1/12/2006,31/12/2006,1/12/2006,29/12/2006,3.33
1,1,2007,1,31,1/1/2007,31/1/2007,1/1/2007,31/1/2007,3.33
1,2,2007,2,28,1/2/2007,28/2/2007,1/2/2007,28/2/2007,3.33
1,3,2007,3,31,1/3/2007,31/3/2007,1/3/2007,30/3/2007,3.33
1,4,2007,4,30,1/4/2007,30/4/2007,2/4/2007,30/4/2007,3.33
1,5,2007,5,31,1/5/2007,31/5/2007,1/5/2007,31/5/2007,3.33
1,6,2007,6,30,1/6/2007,30/6/2007,1/6/2007,29/6/2007,3.33
1,7,2007,7,31,1/7/2007,31/7/2007,2/7/2007,31/7/2007,3.33
1,8,2007,8,31,1/8/2007,31/8/2007,1/8/2007,31/8/2007,3.33
1,9,2007,9,30,1/9/2007,30/9/2007,3/9/2007,28/9/2007,3.33
1,10,2007,10,31,1/10/2007,31/10/2007,1/10/2007,31/10/2007,3.33
1,11,2007,11,30,1/11/2007,30/11/2007,1/11/2007,30/11/2007,3.33
1,12,2007,12,31,1/12/2007,31/12/2007,3/12/2007,31/12/2007,3.33
1,1,2008,1,31,1/1/2008,31/1/2008,1/1/2008,31/1/2008,4.14
1,2,2008,2,29,1/2/2008,29/2/2008,1/2/2008,29/2/2008,4.14
1,3,2008,3,31,1/3/2008,31/3/2008,3/3/2008,31/3/2008,4.14
1,4,2008,4,30,1/4/2008,30/4/2008,1/4/2008,30/4/2008,4.14
1,5,2008,5,31,1/5/2008,31/5/2008,1/5/2008,30/5/2008,4.14
1,6,2008,6,30,1/6/2008,30/6/2008,2/6/2008,30/6/2008,4.14
1,7,2008,7,31,1/7/2008,31/7/2008,1/7/2008,31/7/2008,4.14
1,8,2008,8,31,1/8/2008,31/8/2008,1/8/2008,29/8/2008,4.14
1,9,2008,9,30,1/9/2008,30/9/2008,1/9/2008,30/9/2008,4.14
1,10,2008,10,31,1/10/2008,31/10/2008,1/10/2008,31/10/2008,4.14
1,11,2008,11,30,1/11/2008,30/11/2008,3/11/2008,28/11/2008,3.06
1,12,2008,12,31,1/12/2008,31/12/2008,1/12/2008,31/12/2008,2.79
1,1,2009,1,31,1/1/2009,31/1/2009,1/1/2009,30/1/2009,2.79
1,2,2009,2,28,1/2/2009,28/2/2009,2/2/2009,27/2/2009,2.79
1,3,2009,3,31,1/3/2009,31/3/2009,2/3/2009,31/3/2009,2.79
1,4,2009,4,30,1/4/2009,30/4/2009,1/4/2009,30/4/2009,2.79
1,5,2009,5,31,1/5/2009,31/5/2009,1/5/2009,29/5/2009,2.79
1,6,2009,6,30,1/6/2009,30/6/2009,1/6/2009,30/6/2009,2.79
1,7,2009,7,31,1/7/2009,31/7/2009,1/7/2009,31/7/2009,2.79
1,8,2009,8,31,1/8/2009,31/8/2009,3/8/2009,31/8/2009,2.79
1,9,2009,9,30,1/9/2009,30/9/2009,1/9/2009,30/9/2009,2.79
1,10,2009,10,31,1/10/2009,31/10/2009,1/10/2009,30/10/2009,2.79
1,11,2009,11,30,1/11/2009,30/11/2009,2/11/2009,30/11/2009,2.79
1,12,2009,12,31,1/12/2009,31/12/2009,1/12/2009,31/12/2009,2.79
1,1,2010,1,31,1/1/2010,31/1/2010,1/1/2010,29/1/2010,2.79
1,2,2010,2,28,1/2/2010,28/2/2010,1/2/2010,26/2/2010,2.79
1,3,2010,3,31,1/3/2010,31/3/2010,1/3/2010,31/3/2010,2.79
1,4,2010,4,30,1/4/2010,30/4/2010,1/4/2010,30/4/2010,2.79
1,5,2010,5,31,1/5/2010,31/5/2010,3/5/2010,31/5/2010,2.79
1,6,2010,6,30,1/6/2010,30/6/2010,1/6/2010,30/6/2010,2.79
1,7,2010,7,31,1/7/2010,31/7/2010,1/7/2010,30/7/2010,2.79
1,8,2010,8,31,1/8/2010,31/8/2010,2/8/2010,31/8/2010,2.79
1,9,2010,9,30,1/9/2010,30/9/2010,1/9/2010,30/9/2010,2.79
1,10,2010,10,31,1/10/2010,31/10/2010,1/10/2010,29/10/2010,2.79
1,11,2010,11,30,1/11/2010,30/11/2010,1/11/2010,30/11/2010,2.79
1,12,2010,12,31,1/12/2010,31/12/2010,1/12/2010,31/12/2010,3.25
1,1,2011,1,31,1/1/2011,31/1/2011,3/1/2011,31/1/2011,3.25
1,2,2011,2,28,1/2/2011,28/2/2011,1/2/2011,28/2/2011,3.25
1,3,2011,3,31,1/3/2011,31/3/2011,1/3/2011,31/3/2011,3.25
1,4,2011,4,30,1/4/2011,30/4/2011,1/4/2011,29/4/2011,3.25
1,5,2011,5,31,1/5/2011,31/5/2011,2/5/2011,31/5/2011,3.25
1,6,2011,6,30,1/6/2011,30/6/2011,1/6/2011,30/6/2011,3.25
1,7,2011,7,31,1/7/2011,31/7/2011,1/7/2011,29/7/2011,3.25
1,8,2011,8,31,1/8/2011,31/8/2011,1/8/2011,31/8/2011,3.25
1,9,2011,9,30,1/9/2011,30/9/2011,1/9/2011,30/9/2011,3.25
1,10,2011,10,31,1/10/2011,31/10/2011,3/10/2011,31/10/2011,3.25
1,11,2011,11,30,1/11/2011,30/11/2011,1/11/2011,30/11/2011,3.25
1,12,2011,12,31,1/12/2011,31/12/2011,1/12/2011,30/12/2011,3.25
1,1,2012,1,31,1/1/2012,31/1/2012,2/1/2012,31/1/2012,3.25
1,2,2012,2,29,1/2/2012,29/2/2012,1/2/2012,29/2/2012,3.25
1,3,2012,3,31,1/3/2012,31/3/2012,1/3/2012,30/3/2012,3.25
1,4,2012,4,30,1/4/2012,30/4/2012,2/4/2012,30/4/2012,3.25
1,5,2012,5,31,1/5/2012,31/5/2012,1/5/2012,31/5/2012,3.25
1,6,2012,6,30,1/6/2012,30/6/2012,1/6/2012,29/6/2012,3.25
1,7,2012,7,31,1/7/2012,31/7/2012,2/7/2012,31/7/2012,3.25
1,8,2012,8,31,1/8/2012,31/8/2012,1/8/2012,31/8/2012,3.25
1,9,2012,9,30,1/9/2012,30/9/2012,3/9/2012,28/9/2012,3.25
1,10,2012,10,31,1/10/2012,31/10/2012,1/10/2012,31/10/2012,3.25
1,11,2012,11,30,1/11/2012,30/11/2012,1/11/2012,30/11/2012,3.25
1,12,2012,12,31,1/12/2012,31/12/2012,3/12/2012,31/12/2012,.
1,1,2013,1,31,1/1/2013,31/1/2013,1/1/2013,31/1/2013,3.25
1,2,2013,2,28,1/2/2013,28/2/2013,1/2/2013,28/2/2013,3.25
1,3,2013,3,31,1/3/2013,31/3/2013,1/3/2013,29/3/2013,3.25
1,4,2013,4,30,1/4/2013,30/4/2013,1/4/2013,30/4/2013,3.25
1,5,2013,5,31,1/5/2013,31/5/2013,1/5/2013,31/5/2013,3.25
1,6,2013,6,30,1/6/2013,30/6/2013,3/6/2013,28/6/2013,3.25
1,7,2013,7,31,1/7/2013,31/7/2013,1/7/2013,31/7/2013,3.25
1,8,2013,8,31,1/8/2013,31/8/2013,1/8/2013,30/8/2013,3.25
1,9,2013,9,30,1/9/2013,30/9/2013,2/9/2013,30/9/2013,3.25
1,10,2013,10,31,1/10/2013,31/10/2013,1/10/2013,31/10/2013,3.25
1,11,2013,11,30,1/11/2013,30/11/2013,1/11/2013,29/11/2013,3.25
1,12,2013,12,31,1/12/2013,31/12/2013,2/12/2013,31/12/2013,3.25
1,1,2014,1,31,1/1/2014,31/1/2014,1/1/2014,31/1/2014,3.25
1,2,2014,2,28,1/2/2014,28/2/2014,3/2/2014,28/2/2014,3.25
1,3,2014,3,31,1/3/2014,31/3/2014,3/3/2014,31/3/2014,3.25
1,4,2014,4,30,1/4/2014,30/4/2014,1/4/2014,30/4/2014,3.25
1,5,2014,5,31,1/5/2014,31/5/2014,1/5/2014,30/5/2014,3.25
1,6,2014,6,30,1/6/2014,30/6/2014,2/6/2014,30/6/2014,3.25
1,7,2014,7,31,1/7/2014,31/7/2014,1/7/2014,31/7/2014,3.25
1,8,2014,8,31,1/8/2014,31/8/2014,1/8/2014,29/8/2014,3.25
1,9,2014,9,30,1/9/2014,30/9/2014,1/9/2014,30/9/2014,3.25
1,10,2014,10,31,1/10/2014,31/10/2014,1/10/2014,31/10/2014,3.25
1,11,2014,11,30,1/11/2014,30/11/2014,3/11/2014,28/11/2014,3.25
1,12,2014,12,31,1/12/2014,31/12/2014,1/12/2014,31/12/2014,3.25
1,1,2015,1,31,1/1/2015,31/1/2015,1/1/2015,30/1/2015,3.25
1,2,2015,2,28,1/2/2015,28/2/2015,2/2/2015,27/2/2015,3.25
1,3,2015,3,31,1/3/2015,31/3/2015,2/3/2015,31/3/2015,3.25
1,4,2015,4,30,1/4/2015,30/4/2015,1/4/2015,30/4/2015,3.25
1,5,2015,5,31,1/5/2015,31/5/2015,1/5/2015,29/5/2015,3.25
1,6,2015,6,30,1/6/2015,30/6/2015,1/6/2015,30/6/2015,3.25
1,7,2015,7,31,1/7/2015,31/7/2015,1/7/2015,31/7/2015,3.25
1,8,2015,8,31,1/8/2015,31/8/2015,3/8/2015,31/8/2015,3.25
1,9,2015,9,30,1/9/2015,30/9/2015,1/9/2015,30/9/2015,3.25
1,10,2015,10,31,1/10/2015,31/10/2015,1/10/2015,30/10/2015,3.25
1,11,2015,11,30,1/11/2015,30/11/2015,2/11/2015,30/11/2015,2.9
1,12,2015,12,31,1/12/2015,31/12/2015,1/12/2015,31/12/2015,2.9
1,1,2016,1,31,1/1/2016,31/1/2016,1/1/2016,29/1/2016,2.9
1,2,2016,2,29,1/2/2016,29/2/2016,1/2/2016,29/2/2016,2.9
1,3,2016,3,31,1/3/2016,31/3/2016,1/3/2016,31/3/2016,2.9
1,4,2016,4,30,1/4/2016,30/4/2016,1/4/2016,29/4/2016,2.9
1,5,2016,5,31,1/5/2016,31/5/2016,2/5/2016,31/5/2016,2.9
1,6,2016,6,30,1/6/2016,30/6/2016,1/6/2016,30/6/2016,2.9
1,7,2016,7,31,1/7/2016,31/7/2016,1/7/2016,29/7/2016,2.9
1,8,2016,8,31,1/8/2016,31/8/2016,1/8/2016,31/8/2016,2.9
1,9,2016,9,30,1/9/2016,30/9/2016,1/9/2016,30/9/2016,2.9
1,10,2016,10,31,1/10/2016,31/10/2016,3/10/2016,31/10/2016,2.9
1,11,2016,11,30,1/11/2016,30/11/2016,1/11/2016,30/11/2016,2.9
1,12,2016,12,31,1/12/2016,31/12/2016,1/12/2016,30/12/2016,2.9
1,1,2017,1,31,1/1/2017,31/1/2017,2/1/2017,31/1/2017,2.9
1,2,2017,2,28,1/2/2017,28/2/2017,1/2/2017,28/2/2017,2.9
1,3,2017,3,31,1/3/2017,31/3/2017,1/3/2017,31/3/2017,2.9
1,4,2017,4,30,1/4/2017,30/4/2017,3/4/2017,28/4/2017,2.9
1,5,2017,5,31,1/5/2017,31/5/2017,1/5/2017,31/5/2017,2.9
1,6,2017,6,30,1/6/2017,30/6/2017,1/6/2017,30/6/2017,2.9
1,7,2017,7,31,1/7/2017,31/7/2017,3/7/2017,31/7/2017,2.9
1,8,2017,8,31,1/8/2017,31/8/2017,1/8/2017,31/8/2017,2.9
1,9,2017,9,30,1/9/2017,30/9/2017,1/9/2017,29/9/2017,2.9
1,10,2017,10,31,1/10/2017,31/10/2017,2/10/2017,31/10/2017,2.9
1,11,2017,11,30,1/11/2017,30/11/2017,1/11/2017,30/11/2017,2.9
1,12,2017,12,31,1/12/2017,31/12/2017,1/12/2017,29/12/2017,2.9
1,1,2018,1,31,1/1/2018,31/1/2018,1/1/2018,31/1/2018,2.9
1,2,2018,2,28,1/2/2018,28/2/2018,1/2/2018,28/2/2018,2.9
1,3,2018,3,31,1/3/2018,31/3/2018,1/3/2018,30/3/2018,2.9
1,4,2018,4,30,1/4/2018,30/4/2018,2/4/2018,30/4/2018,2.9
1,5,2018,5,31,1/5/2018,31/5/2018,1/5/2018,31/5/2018,2.9
1,6,2018,6,30,1/6/2018,30/6/2018,1/6/2018,29/6/2018,2.9
1,7,2018,7,31,1/7/2018,31/7/2018,2/7/2018,31/7/2018,2.9
1,8,2018,8,31,1/8/2018,31/8/2018,1/8/2018,31/8/2018,2.9
1,9,2018,9,30,1/9/2018,30/9/2018,3/9/2018,28/9/2018,2.9
1,10,2018,10,31,1/10/2018,31/10/2018,1/10/2018,31/10/2018,2.9
1,11,2018,11,30,1/11/2018,30/11/2018,1/11/2018,30/11/2018,2.9
1,12,2018,12,31,1/12/2018,31/12/2018,3/12/2018,31/12/2018,2.9
1,1,2019,1,31,1/1/2019,31/1/2019,1/1/2019,31/1/2019,2.9
1,2,2019,2,28,1/2/2019,28/2/2019,1/2/2019,28/2/2019,2.9
1,3,2019,3,31,1/3/2019,31/3/2019,1/3/2019,29/3/2019,2.9
1,4,2019,4,30,1/4/2019,30/4/2019,1/4/2019,30/4/2019,2.9
1,5,2019,5,31,1/5/2019,31/5/2019,1/5/2019,31/5/2019,2.9
1,6,2019,6,30,1/6/2019,30/6/2019,3/6/2019,28/6/2019,2.9
1,7,2019,7,31,1/7/2019,31/7/2019,1/7/2019,31/7/2019,2.9
1,8,2019,8,31,1/8/2019,31/8/2019,1/8/2019,30/8/2019,2.9
1,9,2019,9,30,1/9/2019,30/9/2019,2/9/2019,30/9/2019,2.9
1,10,2019,10,31,1/10/2019,31/10/2019,1/10/2019,31/10/2019,2.9
1,11,2019,11,30,1/11/2019,30/11/2019,1/11/2019,29/11/2019,2.9
1,12,2019,12,31,1/12/2019,31/12/2019,2/12/2019,31/12/2019,2.9
1,1,2020,1,31,1/1/2020,31/1/2020,1/1/2020,31/1/2020,2.9
1,2,2020,2,29,1/2/2020,29/2/2020,3/2/2020,28/2/2020,2.9
1,3,2020,3,31,1/3/2020,31/3/2020,2/3/2020,31/3/2020,2.9
1,4,2020,4,30,1/4/2020,30/4/2020,1/4/2020,30/4/2020,2.9
1,5,2020,5,31,1/5/2020,31/5/2020,1/5/2020,29/5/2020,2.9
1,6,2020,6,30,1/6/2020,30/6/2020,1/6/2020,30/6/2020,2.9
1,7,2020,7,31,1/7/2020,31/7/2020,1/7/2020,31/7/2020,2.9
