DATE,Month,Start Day,Start Month,Year,End Month,End Day,Start Date (Temp),End Date (Temp),Start Date (String),End Date (String),Actual,Forecast,Previous,Actual_Clean
23-Oct-20,(Oct),1,10,2020,10,31,1/10/2020,31/10/2020,1/10/2020,30/10/2020,4.25%,4.25%,4.25%,4.25
18-Sep-20,(Sep),1,9,2020,9,30,1/9/2020,30/9/2020,1/9/2020,30/9/2020,4.25%,4.25%,4.25%,4.25
24-Jul-20,(Jul),1,7,2020,7,31,1/7/2020,31/7/2020,1/7/2020,31/7/2020,4.25%,4.25%,4.50%,4.25
19-Jun-20,(Jun),1,6,2020,6,30,1/6/2020,30/6/2020,1/6/2020,30/6/2020,4.50%,4.50%,5.50%,4.5
24-Apr-20,(Apr),1,4,2020,4,30,1/4/2020,30/4/2020,1/4/2020,30/4/2020,5.50%,5.50%,6.00%,5.5
20-Mar-20,(Mar),1,3,2020,3,31,1/3/2020,31/3/2020,2/3/2020,31/3/2020,6.00%,6.00%,6.00%,6
7-Feb-20,(Feb),1,2,2020,2,29,1/2/2020,29/2/2020,3/2/2020,28/2/2020,6.00%,6.00%,6.25%,6
13-Dec-19,(Dec),1,12,2019,12,31,1/12/2019,31/12/2019,2/12/2019,31/12/2019,6.25%,6.25%,6.50%,6.25
25-Oct-19,(Oct),1,10,2019,10,31,1/10/2019,31/10/2019,1/10/2019,31/10/2019,6.50%,6.75%,7.00%,6.5
6-Sep-19,(Sep),1,9,2019,9,30,1/9/2019,30/9/2019,2/9/2019,30/9/2019,7.00%,7.00%,7.25%,7
26-Jul-19,(Jul),1,7,2019,7,31,1/7/2019,31/7/2019,1/7/2019,31/7/2019,7.25%,7.25%,7.50%,7.25
14-Jun-19,(Jun),1,6,2019,6,30,1/6/2019,30/6/2019,3/6/2019,28/6/2019,7.50%,7.50%,7.75%,7.5
26-Apr-19,(Apr),1,4,2019,4,30,1/4/2019,30/4/2019,1/4/2019,30/4/2019,7.75%,7.75%,7.75%,7.75
22-Mar-19,(Mar),1,3,2019,3,31,1/3/2019,31/3/2019,1/3/2019,29/3/2019,7.75%,7.75%,7.75%,7.75
8-Feb-19,(Feb),1,2,2019,2,28,1/2/2019,28/2/2019,1/2/2019,28/2/2019,7.75%,7.75%,7.75%,7.75
14-Dec-18,(Dec),1,12,2018,12,31,1/12/2018,31/12/2018,3/12/2018,31/12/2018,7.75%,7.50%,7.50%,7.75
26-Oct-18,(Oct),1,10,2018,10,31,1/10/2018,31/10/2018,1/10/2018,31/10/2018,7.50%,7.50%,7.50%,7.5
14-Sep-18,(Sep),1,9,2018,9,30,1/9/2018,30/9/2018,3/9/2018,28/9/2018,7.50%,7.25%,7.25%,7.5
27-Jul-18,(Jul),1,7,2018,7,31,1/7/2018,31/7/2018,2/7/2018,31/7/2018,7.25%,7.25%,7.25%,7.25
15-Jun-18,(Jun),1,6,2018,6,30,1/6/2018,30/6/2018,1/6/2018,29/6/2018,7.25%,7.25%,7.25%,7.25
27-Apr-18,(Apr),1,4,2018,4,30,1/4/2018,30/4/2018,2/4/2018,30/4/2018,7.25%,7.25%,7.25%,7.25
23-Mar-18,(Mar),1,3,2018,3,31,1/3/2018,31/3/2018,1/3/2018,30/3/2018,7.25%,7.25%,7.50%,7.25
9-Feb-18,(Feb),1,2,2018,2,28,1/2/2018,28/2/2018,1/2/2018,28/2/2018,7.50%,7.50%,7.75%,7.5
15-Dec-17,(Dec),1,12,2017,12,31,1/12/2017,31/12/2017,1/12/2017,29/12/2017,7.75%,8.00%,8.25%,7.75
27-Oct-17,(Oct),1,10,2017,10,31,1/10/2017,31/10/2017,2/10/2017,31/10/2017,8.25%,8.25%,8.50%,8.25
15-Sep-17,(Sep),1,9,2017,9,30,1/9/2017,30/9/2017,1/9/2017,29/9/2017,8.50%,8.50%,9.00%,8.5
28-Jul-17,(Jul),1,7,2017,7,31,1/7/2017,31/7/2017,3/7/2017,31/7/2017,9.00%,9.00%,9.00%,9
16-Jun-17,(Jun),1,6,2017,6,30,1/6/2017,30/6/2017,1/6/2017,30/6/2017,9.00%,8.75%,9.25%,9
28-Apr-17,(Apr),1,4,2017,4,30,1/4/2017,30/4/2017,3/4/2017,28/4/2017,9.25%,9.50%,9.75%,9.25
24-Mar-17,(Mar),1,3,2017,3,31,1/3/2017,31/3/2017,1/3/2017,31/3/2017,9.75%,10.00%,10.00%,9.75
3-Feb-17,(Feb),1,2,2017,2,28,1/2/2017,28/2/2017,1/2/2017,28/2/2017,10.00%,9.50%,10.00%,10
16-Dec-16,(Dec),1,12,2016,12,31,1/12/2016,31/12/2016,1/12/2016,30/12/2016,10.00%,10.00%,10.00%,10
28-Oct-16,(Oct),1,10,2016,10,31,1/10/2016,31/10/2016,3/10/2016,31/10/2016,10.00%,,10.00%,10
16-Sep-16,(Sep),1,9,2016,9,30,1/9/2016,30/9/2016,1/9/2016,30/9/2016,10.00%,10.00%,10.50%,10
29-Jul-16,(Jul),1,7,2016,7,31,1/7/2016,31/7/2016,1/7/2016,29/7/2016,10.50%,10.50%,10.50%,10.5
10-Jun-16,(Jun),1,6,2016,6,30,1/6/2016,30/6/2016,1/6/2016,30/6/2016,10.50%,10.50%,11.00%,10.5
29-Apr-16,(Apr),1,4,2016,4,30,1/4/2016,30/4/2016,1/4/2016,29/4/2016,11.00%,11.00%,11.00%,11
18-Mar-16,(Mar),1,3,2016,3,31,1/3/2016,31/3/2016,1/3/2016,31/3/2016,11.00%,11.00%,11.00%,11
29-Jan-16,(Jan),1,1,2016,1,31,1/1/2016,31/1/2016,1/1/2016,29/1/2016,11.00%,11.00%,11.00%,11
11-Dec-15,(Dec),1,12,2015,12,31,1/12/2015,31/12/2015,1/12/2015,31/12/2015,11.00%,11.00%,11.00%,11
30-Oct-15,(Oct),1,10,2015,10,31,1/10/2015,31/10/2015,1/10/2015,30/10/2015,11.00%,11.00%,11.00%,11
11-Sep-15,(Sep),1,9,2015,9,30,1/9/2015,30/9/2015,1/9/2015,30/9/2015,11.00%,11.00%,11.00%,11
31-Jul-15,(Aug),1,7,2015,7,31,1/7/2015,31/7/2015,1/7/2015,31/7/2015,11.00%,11.00%,11.50%,11
15-Jun-15,(Jun),1,6,2015,6,30,1/6/2015,30/6/2015,1/6/2015,30/6/2015,11.50%,11.50%,12.50%,11.5
30-Apr-15,(Apr),1,4,2015,4,30,1/4/2015,30/4/2015,1/4/2015,30/4/2015,12.50%,13.00%,14.00%,12.5
13-Mar-15,(Mar),1,3,2015,3,31,1/3/2015,31/3/2015,2/3/2015,31/3/2015,14.00%,15.00%,15.00%,14
30-Jan-15,(Jan),1,1,2015,1,31,1/1/2015,31/1/2015,1/1/2015,30/1/2015,15.00%,17.00%,17.00%,15
15-Dec-14,,1,12,2014,12,31,1/12/2014,31/12/2014,1/12/2014,31/12/2014,17.00%,,10.50%,17
11-Dec-14,(Dec),1,12,2014,12,31,1/12/2014,31/12/2014,1/12/2014,31/12/2014,10.50%,10.25%,9.50%,10.5
31-Oct-14,(Nov),1,10,2014,10,31,1/10/2014,31/10/2014,1/10/2014,31/10/2014,9.50%,8.50%,8.00%,9.5
12-Sep-14,(Sep),1,9,2014,9,30,1/9/2014,30/9/2014,1/9/2014,30/9/2014,8.00%,8.00%,8.00%,8
25-Jul-14,,1,7,2014,7,31,1/7/2014,31/7/2014,1/7/2014,31/7/2014,8.00%,7.50%,7.50%,8
16-Jun-14,,1,6,2014,6,30,1/6/2014,30/6/2014,2/6/2014,30/6/2014,7.50%,7.50%,7.50%,7.5
25-Apr-14,,1,4,2014,4,30,1/4/2014,30/4/2014,1/4/2014,30/4/2014,7.50%,7.00%,7.00%,7.5
14-Mar-14,,1,3,2014,3,31,1/3/2014,31/3/2014,3/3/2014,31/3/2014,7.00%,7.00%,7.00%,7
3-Mar-14,,1,3,2014,3,31,1/3/2014,31/3/2014,3/3/2014,31/3/2014,7.00%,,5.50%,7
14-Feb-14,,1,2,2014,2,28,1/2/2014,28/2/2014,3/2/2014,28/2/2014,5.50%,5.50%,5.50%,5.5
13-Dec-13,,1,12,2013,12,31,1/12/2013,31/12/2013,2/12/2013,31/12/2013,5.50%,5.50%,5.50%,5.5
8-Nov-13,,1,11,2013,11,30,1/11/2013,30/11/2013,1/11/2013,29/11/2013,5.50%,5.50%,5.50%,5.5
14-Oct-13,,1,10,2013,10,31,1/10/2013,31/10/2013,1/10/2013,31/10/2013,5.50%,5.50%,8.25%,5.5
13-Sep-13,,1,9,2013,9,30,1/9/2013,30/9/2013,2/9/2013,30/9/2013,8.25%,8.25%,8.25%,8.25
9-Aug-13,,1,8,2013,8,31,1/8/2013,31/8/2013,1/8/2013,30/8/2013,8.25%,8.25%,8.25%,8.25
12-Jul-13,,1,7,2013,7,31,1/7/2013,31/7/2013,1/7/2013,31/7/2013,8.25%,8.25%,8.25%,8.25
10-Jun-13,,1,6,2013,6,30,1/6/2013,30/6/2013,3/6/2013,28/6/2013,8.25%,8.25%,8.25%,8.25
15-May-13,,1,5,2013,5,31,1/5/2013,31/5/2013,1/5/2013,31/5/2013,8.25%,8.25%,8.25%,8.25
2-Apr-13,,1,4,2013,4,30,1/4/2013,30/4/2013,1/4/2013,30/4/2013,8.25%,8.25%,8.25%,8.25
15-Mar-13,,1,3,2013,3,31,1/3/2013,31/3/2013,1/3/2013,29/3/2013,8.25%,8.25%,8.25%,8.25
12-Feb-13,,1,2,2013,2,28,1/2/2013,28/2/2013,1/2/2013,28/2/2013,8.25%,8.25%,8.25%,8.25
15-Jan-13,,1,1,2013,1,31,1/1/2013,31/1/2013,1/1/2013,31/1/2013,8.25%,8.25%,8.25%,8.25
10-Dec-12,,1,12,2012,12,31,1/12/2012,31/12/2012,3/12/2012,31/12/2012,8.25%,8.25%,8.25%,8.25
9-Nov-12,,1,11,2012,11,30,1/11/2012,30/11/2012,1/11/2012,30/11/2012,8.25%,8.25%,8.25%,8.25
5-Oct-12,,1,10,2012,10,31,1/10/2012,31/10/2012,1/10/2012,31/10/2012,8.25%,8.25%,8.25%,8.25
13-Sep-12,,1,9,2012,9,30,1/9/2012,30/9/2012,3/9/2012,28/9/2012,8.25%,8.00%,8.00%,8.25
10-Aug-12,,1,8,2012,8,31,1/8/2012,31/8/2012,1/8/2012,31/8/2012,8.00%,8.00%,8.00%,8
13-Jul-12,,1,7,2012,7,31,1/7/2012,31/7/2012,2/7/2012,31/7/2012,8.00%,8.00%,8.00%,8
15-Jun-12,,1,6,2012,6,30,1/6/2012,30/6/2012,1/6/2012,29/6/2012,8.00%,8.00%,8.00%,8
10-May-12,,1,5,2012,5,31,1/5/2012,31/5/2012,1/5/2012,31/5/2012,8.00%,8.00%,8.00%,8
9-Apr-12,,1,4,2012,4,30,1/4/2012,30/4/2012,2/4/2012,30/4/2012,8.00%,8.00%,8.00%,8
13-Mar-12,,1,3,2012,3,31,1/3/2012,31/3/2012,1/3/2012,30/3/2012,8.00%,8.00%,8.00%,8
3-Feb-12,,1,2,2012,2,29,1/2/2012,29/2/2012,1/2/2012,29/2/2012,8.00%,8.00%,8.00%,8
23-Dec-11,,1,12,2011,12,31,1/12/2011,31/12/2011,1/12/2011,30/12/2011,8.00%,8.25%,8.25%,8
25-Nov-11,,1,11,2011,11,30,1/11/2011,30/11/2011,1/11/2011,30/11/2011,8.25%,8.25%,8.25%,8.25
28-Oct-11,,1,10,2011,10,31,1/10/2011,31/10/2011,3/10/2011,31/10/2011,8.25%,8.25%,8.25%,8.25
14-Sep-11,,1,9,2011,9,30,1/9/2011,30/9/2011,1/9/2011,30/9/2011,8.25%,8.25%,8.25%,8.25
4-Aug-11,,1,8,2011,8,31,1/8/2011,31/8/2011,1/8/2011,31/8/2011,8.25%,8.25%,8.25%,8.25
4-Jul-11,,1,7,2011,7,31,1/7/2011,31/7/2011,1/7/2011,29/7/2011,8.25%,8.25%,8.25%,8.25
30-Jun-11,,1,6,2011,6,30,1/6/2011,30/6/2011,1/6/2011,30/6/2011,8.25%,,8.25%,8.25
1-May-11,(Apr),1,5,2011,5,31,1/5/2011,31/5/2011,2/5/2011,31/5/2011,5.25%,,5.25%,5.25
1-Apr-11,(Mar),1,4,2011,4,30,1/4/2011,30/4/2011,1/4/2011,29/4/2011,5.25%,,5.25%,5.25
1-Mar-11,(Feb),1,3,2011,3,31,1/3/2011,31/3/2011,1/3/2011,31/3/2011,5.25%,,5.00%,5.25
1-Feb-11,(Jan),1,2,2011,2,28,1/2/2011,28/2/2011,1/2/2011,28/2/2011,5.00%,,5.00%,5
1-Jan-11,(Dec),1,1,2011,1,31,1/1/2011,31/1/2011,3/1/2011,31/1/2011,5.00%,,5.00%,5
1-Dec-10,(Nov),1,12,2010,12,31,1/12/2010,31/12/2010,1/12/2010,31/12/2010,5.00%,,5.00%,5
1-Nov-10,(Oct),1,11,2010,11,30,1/11/2010,30/11/2010,1/11/2010,30/11/2010,5.00%,,5.00%,5
1-Oct-10,(Sep),1,10,2010,10,31,1/10/2010,31/10/2010,1/10/2010,29/10/2010,5.00%,,5.00%,5
1-Sep-10,(Aug),1,9,2010,9,30,1/9/2010,30/9/2010,1/9/2010,30/9/2010,5.00%,,5.00%,5
1-Aug-10,(Jul),1,8,2010,8,31,1/8/2010,31/8/2010,2/8/2010,31/8/2010,5.00%,,5.00%,5
1-Jul-10,(Jun),1,7,2010,7,31,1/7/2010,31/7/2010,1/7/2010,30/7/2010,5.00%,,5.25%,5
1-Jun-10,(May),1,6,2010,6,30,1/6/2010,30/6/2010,1/6/2010,30/6/2010,5.25%,,5.25%,5.25
1-May-10,(Apr),1,5,2010,5,31,1/5/2010,31/5/2010,3/5/2010,31/5/2010,5.25%,,5.50%,5.25
1-Apr-10,(Mar),1,4,2010,4,30,1/4/2010,30/4/2010,1/4/2010,30/4/2010,5.50%,,5.75%,5.5
1-Mar-10,(Feb),1,3,2010,3,31,1/3/2010,31/3/2010,1/3/2010,31/3/2010,5.75%,,6.00%,5.75
1-Feb-10,(Jan),1,2,2010,2,28,1/2/2010,28/2/2010,1/2/2010,26/2/2010,6.00%,,6.00%,6
1-Jan-10,(Dec),1,1,2010,1,31,1/1/2010,31/1/2010,1/1/2010,29/1/2010,6.00%,,6.25%,6
1-Dec-09,(Nov),1,12,2009,12,31,1/12/2009,31/12/2009,1/12/2009,31/12/2009,6.25%,,6.75%,6.25
1-Nov-09,(Oct),1,11,2009,11,30,1/11/2009,30/11/2009,2/11/2009,30/11/2009,6.75%,,7.25%,6.75
1-Oct-09,(Sep),1,10,2009,10,31,1/10/2009,31/10/2009,1/10/2009,30/10/2009,7.25%,,8.25%,7.25
1-Sep-09,(Aug),1,9,2009,9,30,1/9/2009,30/9/2009,1/9/2009,30/9/2009,8.25%,,8.50%,8.25
1-Aug-09,(Jul),1,8,2009,8,31,1/8/2009,31/8/2009,3/8/2009,31/8/2009,8.50%,,9.00%,8.5
1-Jul-09,(Jun),1,7,2009,7,31,1/7/2009,31/7/2009,1/7/2009,31/7/2009,9.00%,,9.50%,9
1-Jun-09,(May),1,6,2009,6,30,1/6/2009,30/6/2009,1/6/2009,30/6/2009,9.50%,,10.00%,9.5
1-May-09,(Apr),1,5,2009,5,31,1/5/2009,31/5/2009,1/5/2009,29/5/2009,10.00%,,10.50%,10
1-Apr-09,(Mar),1,4,2009,4,30,1/4/2009,30/4/2009,1/4/2009,30/4/2009,10.50%,,10.50%,10.5
1-Mar-09,(Feb),1,3,2009,3,31,1/3/2009,31/3/2009,2/3/2009,31/3/2009,10.50%,,9.50%,10.5
1-Feb-09,(Jan),1,2,2009,2,28,1/2/2009,28/2/2009,2/2/2009,27/2/2009,9.50%,,9.50%,9.5
1-Jan-09,(Dec),1,1,2009,1,31,1/1/2009,31/1/2009,1/1/2009,30/1/2009,9.50%,,8.50%,9.5
1-Dec-08,(Nov),1,12,2008,12,31,1/12/2008,31/12/2008,1/12/2008,31/12/2008,8.50%,,7.50%,8.5
1-Nov-08,(Oct),1,11,2008,11,30,1/11/2008,30/11/2008,3/11/2008,28/11/2008,7.50%,,7.50%,7.5
1-Oct-08,(Sep),1,10,2008,10,31,1/10/2008,31/10/2008,1/10/2008,31/10/2008,7.50%,,7.50%,7.5
1-Sep-08,(Aug),1,9,2008,9,30,1/9/2008,30/9/2008,1/9/2008,30/9/2008,7.50%,,7.50%,7.5
1-Aug-08,(Jul),1,8,2008,8,31,1/8/2008,31/8/2008,1/8/2008,29/8/2008,7.50%,,7.25%,7.5
1-Jul-08,(Jun),1,7,2008,7,31,1/7/2008,31/7/2008,1/7/2008,31/7/2008,7.25%,,7.00%,7.25
1-Jun-08,(May),1,6,2008,6,30,1/6/2008,30/6/2008,2/6/2008,30/6/2008,7.00%,,7.00%,7
1-May-08,(Apr),1,5,2008,5,31,1/5/2008,31/5/2008,1/5/2008,30/5/2008,7.00%,,6.75%,7
1-Apr-08,(Mar),1,4,2008,4,30,1/4/2008,30/4/2008,1/4/2008,30/4/2008,6.75%,,6.75%,6.75
1-Mar-08,(Feb),1,3,2008,3,31,1/3/2008,31/3/2008,3/3/2008,31/3/2008,6.75%,,6.50%,6.75
1-Feb-08,(Jan),1,2,2008,2,29,1/2/2008,29/2/2008,1/2/2008,29/2/2008,6.50%,,6.50%,6.5
1-Jan-08,(Dec),1,1,2008,1,31,1/1/2008,31/1/2008,1/1/2008,31/1/2008,6.50%,,6.50%,6.5
1-Dec-07,(Nov),1,12,2007,12,31,1/12/2007,31/12/2007,3/12/2007,31/12/2007,6.50%,,6.50%,6.5
1-Nov-07,(Oct),1,11,2007,11,30,1/11/2007,30/11/2007,1/11/2007,30/11/2007,6.50%,,6.50%,6.5
1-Oct-07,(Sep),1,10,2007,10,31,1/10/2007,31/10/2007,1/10/2007,31/10/2007,6.50%,,6.50%,6.5
1-Sep-07,(Aug),1,9,2007,9,30,1/9/2007,30/9/2007,3/9/2007,28/9/2007,6.50%,,6.50%,6.5
1-Aug-07,(Jul),1,8,2007,8,31,1/8/2007,31/8/2007,1/8/2007,31/8/2007,6.50%,,6.50%,6.5
1-Jul-07,(Jun),1,7,2007,7,31,1/7/2007,31/7/2007,2/7/2007,31/7/2007,6.50%,,6.50%,6.5
1-Jun-07,(May),1,6,2007,6,30,1/6/2007,30/6/2007,1/6/2007,29/6/2007,6.50%,,6.50%,6.5
1-May-07,(Apr),1,5,2007,5,31,1/5/2007,31/5/2007,1/5/2007,31/5/2007,6.50%,,6.50%,6.5
1-Apr-07,(Mar),1,4,2007,4,30,1/4/2007,30/4/2007,2/4/2007,30/4/2007,6.50%,,6.50%,6.5
1-Mar-07,(Feb),1,3,2007,3,31,1/3/2007,31/3/2007,1/3/2007,30/3/2007,6.50%,,6.50%,6.5
1-Feb-07,(Jan),1,2,2007,2,28,1/2/2007,28/2/2007,1/2/2007,28/2/2007,6.50%,,6.50%,6.5
1-Jan-07,(Dec),1,1,2007,1,31,1/1/2007,31/1/2007,1/1/2007,31/1/2007,6.50%,,6.50%,6.5
1-Dec-06,(Nov),1,12,2006,12,31,1/12/2006,31/12/2006,1/12/2006,29/12/2006,6.50%,,6.50%,6.5
1-Nov-06,(Oct),1,11,2006,11,30,1/11/2006,30/11/2006,1/11/2006,30/11/2006,6.50%,,6.50%,6.5
1-Oct-06,(Sep),1,10,2006,10,31,1/10/2006,31/10/2006,2/10/2006,31/10/2006,6.50%,,6.50%,6.5
1-Sep-06,(Aug),1,9,2006,9,30,1/9/2006,30/9/2006,1/9/2006,29/9/2006,6.50%,,6.50%,6.5
1-Aug-06,(Jul),1,8,2006,8,31,1/8/2006,31/8/2006,1/8/2006,31/8/2006,6.50%,,6.50%,6.5
1-Jul-06,(Jun),1,7,2006,7,31,1/7/2006,31/7/2006,3/7/2006,31/7/2006,6.50%,,6.50%,6.5
1-Jun-06,(May),1,6,2006,6,30,1/6/2006,30/6/2006,1/6/2006,30/6/2006,6.50%,,6.50%,6.5
1-May-06,(Apr),1,5,2006,5,31,1/5/2006,31/5/2006,1/5/2006,31/5/2006,6.50%,,6.50%,6.5
1-Apr-06,(Mar),1,4,2006,4,30,1/4/2006,30/4/2006,3/4/2006,28/4/2006,6.50%,,6.50%,6.5
1-Mar-06,(Feb),1,3,2006,3,31,1/3/2006,31/3/2006,1/3/2006,31/3/2006,6.50%,,6.50%,6.5
1-Feb-06,(Jan),1,2,2006,2,28,1/2/2006,28/2/2006,1/2/2006,28/2/2006,6.50%,,6.50%,6.5
1-Jan-06,(Dec),1,1,2006,1,31,1/1/2006,31/1/2006,2/1/2006,31/1/2006,6.50%,,6.50%,6.5
1-Dec-05,(Nov),1,12,2005,12,31,1/12/2005,31/12/2005,1/12/2005,30/12/2005,6.50%,,6.50%,6.5
1-Nov-05,(Oct),1,11,2005,11,30,1/11/2005,30/11/2005,1/11/2005,30/11/2005,6.50%,,6.50%,6.5
1-Oct-05,(Sep),1,10,2005,10,31,1/10/2005,31/10/2005,3/10/2005,31/10/2005,6.50%,,6.50%,6.5
1-Sep-05,(Aug),1,9,2005,9,30,1/9/2005,30/9/2005,1/9/2005,30/9/2005,6.50%,,6.50%,6.5
1-Aug-05,(Jul),1,8,2005,8,31,1/8/2005,31/8/2005,1/8/2005,31/8/2005,6.50%,,6.50%,6.5
1-Jul-05,(Jun),1,7,2005,7,31,1/7/2005,31/7/2005,1/7/2005,29/7/2005,6.50%,,6.50%,6.5
1-Jun-05,(May),1,6,2005,6,30,1/6/2005,30/6/2005,1/6/2005,30/6/2005,6.50%,,6.50%,6.5
1-May-05,(Apr),1,5,2005,5,31,1/5/2005,31/5/2005,2/5/2005,31/5/2005,6.50%,,6.50%,6.5
1-Apr-05,(Mar),1,4,2005,4,30,1/4/2005,30/4/2005,1/4/2005,29/4/2005,6.50%,,6.50%,6.5
1-Mar-05,(Feb),1,3,2005,3,31,1/3/2005,31/3/2005,1/3/2005,31/3/2005,6.50%,,6.50%,6.5
1-Feb-05,(Jan),1,2,2005,2,28,1/2/2005,28/2/2005,1/2/2005,28/2/2005,6.50%,,6.50%,6.5
1-Jan-05,(Dec),1,1,2005,1,31,1/1/2005,31/1/2005,3/1/2005,31/1/2005,6.50%,,6.50%,6.5
1-Dec-04,(Nov),1,12,2004,12,31,1/12/2004,31/12/2004,1/12/2004,31/12/2004,6.50%,,6.50%,6.5
1-Nov-04,(Oct),1,11,2004,11,30,1/11/2004,30/11/2004,1/11/2004,30/11/2004,6.50%,,6.50%,6.5
1-Oct-04,(Sep),1,10,2004,10,31,1/10/2004,31/10/2004,1/10/2004,29/10/2004,6.50%,,6.50%,6.5
1-Sep-04,(Aug),1,9,2004,9,30,1/9/2004,30/9/2004,1/9/2004,30/9/2004,6.50%,,6.50%,6.5
1-Aug-04,(Jul),1,8,2004,8,31,1/8/2004,31/8/2004,2/8/2004,31/8/2004,6.50%,,6.50%,6.5
1-Jul-04,(Jun),1,7,2004,7,31,1/7/2004,31/7/2004,1/7/2004,30/7/2004,6.50%,,6.50%,6.5
1-Jun-04,(May),1,6,2004,6,30,1/6/2004,30/6/2004,1/6/2004,30/6/2004,6.50%,,6.50%,6.5
1-May-04,(Apr),1,5,2004,5,31,1/5/2004,31/5/2004,3/5/2004,31/5/2004,6.50%,,6.50%,6.5
1-Apr-04,(Mar),1,4,2004,4,30,1/4/2004,30/4/2004,1/4/2004,30/4/2004,6.50%,,6.50%,6.5
1-Mar-04,(Feb),1,3,2004,3,31,1/3/2004,31/3/2004,1/3/2004,31/3/2004,6.50%,,6.50%,6.5
1-Feb-04,(Jan),1,2,2004,2,29,1/2/2004,29/2/2004,2/2/2004,27/2/2004,6.50%,,6.50%,6.5
1-Jan-04,(Dec),1,1,2004,1,31,1/1/2004,31/1/2004,1/1/2004,30/1/2004,6.50%,,6.50%,6.5
1-Dec-03,(Nov),1,12,2003,12,31,1/12/2003,31/12/2003,1/12/2003,31/12/2003,6.50%,,6.50%,6.5
1-Nov-03,(Oct),1,11,2003,11,30,1/11/2003,30/11/2003,3/11/2003,28/11/2003,6.50%,,6.50%,6.5
1-Oct-03,(Sep),1,10,2003,10,31,1/10/2003,31/10/2003,1/10/2003,31/10/2003,6.50%,,6.50%,6.5
1-Sep-03,(Aug),1,9,2003,9,30,1/9/2003,30/9/2003,1/9/2003,30/9/2003,6.50%,,6.50%,6.5
1-Aug-03,(Jul),1,8,2003,8,31,1/8/2003,31/8/2003,1/8/2003,29/8/2003,6.50%,,6.50%,6.5
1-Jul-03,(Jun),1,7,2003,7,31,1/7/2003,31/7/2003,1/7/2003,31/7/2003,6.50%,,6.50%,6.5
1-Jun-03,(May),1,6,2003,6,30,1/6/2003,30/6/2003,2/6/2003,30/6/2003,6.50%,,,6.5
